Title;Facilities;ImageUrl;Latitude;Longitude;Type
Nygaard;Cantine, Libary, Peter Boegh Auditorium, DAT Bar;https://i.imgur.com/AhBBMGN.png;56,171747;10,190103;Building
Edison;Professors, Katrines Kaelder, RIA,  Audio Lab, Class rooms;https://i.imgur.com/qgNorZd.png;56,172002;10,191528;Building
Shannon;Electronic labs, Class rooms, Do it yourself lab, Proto lab, ;https://i.imgur.com/oJwSI8S.png;56,1723;10,191991;Building
Kahn;Meet rooms, Class rooms, A nice smell;https://i.imgur.com/iRjUbpC.png;56,172282;10,191117;Building
Nygaard Cantine;Food, Coffee, Nice lady;https://i.imgur.com/AhBBMGN.png;56,171897;10,189817;Food
Storcenter Nord;Shopping, hotdogs, supermarkets;https://i.imgur.com/i8cAUGY.png;56,170763;10,188613;Food
Edison Parking;Parking;https://i.imgur.com/qgNorZd.png;56,171901;10,192118;Parking
Shannon Parking;Parking;https://i.imgur.com/oJwSI8S.png;56,172377;10,192443;Parking
Katrines kaelder;Beer, nice people, spejlaeg, beerpong;https://i.imgur.com/U3grPPa.png;56,171969;10,191219;Beer
